agent,reassurance,toc_mean,toc_sem,es_mean,es_sem,accuracy_mean,confidence_turn_2_mean,confidence_volatility_mean,confidence_volatility_sem,n
jtc,calibrated,3.3,0.10513149660756936,2.3,0.10513149660756936,1.0,59.0,24.658333333333335,1.9571235531614202,20
jtc,miscalibrated,3.0,0.0,2.0,0.0,1.0,65.2,23.15,2.142029288708306,20
nonjtc,calibrated,5.1,0.06882472016116853,4.1,0.06882472016116853,1.0,24.8,16.5225,0.48970285028672983,20
nonjtc,miscalibrated,4.8,0.13764944032233703,3.8,0.13764944032233703,1.0,25.2,18.576666666666668,0.6305379212826446,20
