agent,reassurance,toc_mean,toc_sem,es_mean,es_sem,accuracy_mean,accuracy_sem,final_confidence_mean,final_confidence_sem,n
jtc,calibrated,3.3,0.10513149660756936,2.3,0.10513149660756936,1.0,0.0,85.85,0.7408210239144702,20
jtc,miscalibrated,3.0,0.0,2.0,0.0,1.0,0.0,86.2,0.40781832900653714,20
nonjtc,calibrated,5.1,0.06882472016116853,4.1,0.06882472016116853,1.0,0.0,86.75,0.4095890109545626,20
nonjtc,miscalibrated,4.8,0.13764944032233703,3.8,0.13764944032233703,1.0,0.0,85.85,0.3925289127802193,20
