agent_type,reassurance_type,mean,count,std
jtc,calibrated,11.786944444444446,60,3.312201507947996
jtc,miscalibrated,16.00166666666667,60,10.430358098190935
nonjtc,calibrated,12.461388888888889,60,4.422879109834841
nonjtc,miscalibrated,14.317499999999999,60,6.978080710689467
