toc_turn,count,mean,std
2,20,0.55,0.5104177855340404
3,20,0.9,0.3077935056255462
4,24,1.0,0.0
5,16,1.0,0.0
