condition,confidence_t2_mean,confidence_t2_sem,toc_mean,toc_sem,accuracy_mean,accuracy_sem,n
jtc / calibrated,67.45,0.6260780176707423,2.95,0.04999999999999999,0.85,0.08191780219091253,20
jtc / miscalibrated,82.65,0.792315062266733,2.05,0.04999999999999999,0.6,0.11239029738980327,20
nonjtc / calibrated,36.7,2.28161992314325,4.65,0.1094243309804831,1.0,0.0,20
nonjtc / miscalibrated,41.5,3.2048483008683806,4.15,0.08191780219091252,1.0,0.0,20
