accuracy,mean,count,std
0,82.27272727272727,11,4.755857632244874
1,84.66666666666667,69,2.7794766047006823
