,mean_abs_confidence_change,max_abs_confidence_jump,sd_confidence,confidence_delta_turn_1_to_2,confidence_range,toc_turn,evidence_requests,accuracy
mean_abs_confidence_change,1.0,0.7262727467352028,0.6356440284794067,0.30094619268481254,0.5123273407928384,0.0842836787122579,0.08428367871225792,0.04144924972125712
max_abs_confidence_jump,0.7262727467352028,1.0,0.868789103774217,-0.16925585999339465,0.8084195957674718,0.5367611359861102,0.5367611359861102,0.2863572345153577
sd_confidence,0.6356440284794067,0.868789103774217,1.0,-0.17537804555686862,0.9850293073789156,0.7997133407259234,0.7997133407259234,0.3408227480662386
confidence_delta_turn_1_to_2,0.30094619268481254,-0.16925585999339465,-0.17537804555686862,1.0,-0.23537468140858128,-0.4178341811300912,-0.41783418113009113,-0.3650605933334
confidence_range,0.5123273407928384,0.8084195957674718,0.9850293073789156,-0.23537468140858128,1.0,0.8816424880786626,0.8816424880786626,0.3776913356982001
toc_turn,0.0842836787122579,0.5367611359861102,0.7997133407259234,-0.4178341811300912,0.8816424880786626,1.0,0.9999999999999999,0.3893870243198905
evidence_requests,0.08428367871225792,0.5367611359861102,0.7997133407259234,-0.41783418113009113,0.8816424880786626,0.9999999999999999,1.0,0.3893870243198905
accuracy,0.04144924972125712,0.2863572345153577,0.3408227480662386,-0.3650605933334,0.3776913356982001,0.3893870243198905,0.3893870243198905,1.0
