agent,reassurance,sequence,toc_mean,toc_sem,es_mean,es_sem,fair_volatility_mean,fair_volatility_sem,n
jtc,calibrated,sequence_1,3.3,0.10513149660756936,2.3,0.10513149660756936,24.658333333333335,1.9571235531614202,20
jtc,miscalibrated,sequence_1,3.0,0.0,2.0,0.0,23.15,2.142029288708306,20
nonjtc,calibrated,sequence_1,5.1,0.06882472016116853,4.1,0.06882472016116853,16.5225,0.48970285028672983,20
nonjtc,miscalibrated,sequence_1,4.8,0.13764944032233703,3.8,0.13764944032233703,18.576666666666668,0.6305379212826446,20
