agent,reassurance,toc_mean,toc_sem,es_mean,es_sem,fair_volatility_mean,fair_volatility_sem,delta_1_to_2_mean,delta_1_to_2_sem,delta_1_to_3_mean,delta_1_to_3_sem,n
jtc,calibrated,3.3,0.10513149660756936,2.3,0.10513149660756936,24.658333333333335,1.9571235531614202,29.0,3.322966334942004,51.05,4.113184833396648,20
jtc,miscalibrated,3.0,0.0,2.0,0.0,23.15,2.142029288708306,25.3,3.430589944662733,46.3,4.284058577416612,20
nonjtc,calibrated,5.1,0.06882472016116853,4.1,0.06882472016116853,16.5225,0.48970285028672983,5.55,0.18460484112942718,32.85,1.9266483031966486,20
nonjtc,miscalibrated,4.8,0.13764944032233703,3.8,0.13764944032233703,18.576666666666668,0.6305379212826446,7.8,0.9503461973075086,30.65,2.641047439738137,20
